model,Q50,Q5.5,Q94.5,Q2.5,Q97.5,performance,data,outcome
model1,0.831967213,0.782786885,0.881147541,0.774590164,0.889344262,sensitivity,training,STBBI
model2,0.840163934,0.795081967,0.885245902,0.782786885,0.893442623,sensitivity,training,STBBI
model3,0.844262295,0.795081967,0.885245902,0.778688525,0.893545082,sensitivity,training,STBBI
model4,0.844262295,0.795081967,0.889344262,0.782786885,0.897540984,sensitivity,training,STBBI
model5,0.844262295,0.795081967,0.889344262,0.782786885,0.897540984,sensitivity,training,STBBI
model6,0.848360656,0.803278689,0.889344262,0.790983607,0.897540984,sensitivity,training,STBBI
model7,0.848360656,0.803278689,0.889344262,0.790983607,0.901639344,sensitivity,training,STBBI
model8,0.848360656,0.803278689,0.893442623,0.786885246,0.901639344,sensitivity,training,STBBI
model9,0.848360656,0.799180328,0.893442623,0.790983607,0.901639344,sensitivity,training,STBBI
ref,0.848360656,0.799180328,0.889344262,0.786885246,0.897643443,sensitivity,training,STBBI
model1,0.285714286,0.178571429,0.392857143,0.160714286,0.410714286,specificity,training,STBBI
model2,0.303571429,0.178571429,0.410714286,0.160714286,0.428571429,specificity,training,STBBI
model3,0.321428571,0.214285714,0.428571429,0.196428571,0.446428571,specificity,training,STBBI
model4,0.321428571,0.214285714,0.446428571,0.196428571,0.464285714,specificity,training,STBBI
model5,0.321428571,0.214285714,0.429553571,0.178571429,0.464732143,specificity,training,STBBI
model6,0.339285714,0.232142857,0.464285714,0.214285714,0.482142857,specificity,training,STBBI
model7,0.339285714,0.232142857,0.464285714,0.214285714,0.482142857,specificity,training,STBBI
model8,0.339285714,0.232142857,0.464285714,0.214285714,0.482142857,specificity,training,STBBI
model9,0.339285714,0.232142857,0.464285714,0.214285714,0.482142857,specificity,training,STBBI
ref,0.339285714,0.232142857,0.446428571,0.196428571,0.482142857,specificity,training,STBBI
model1,0.714432084,0.714432084,0.714432084,0.714432084,0.714432084,auc,training,STBBI
model2,0.762770785,0.744254977,0.769650176,0.699026639,0.771187061,auc,training,STBBI
model3,0.782347775,0.75248024,0.790324941,0.739819965,0.792300937,auc,training,STBBI
model4,0.790507904,0.764848507,0.804303279,0.751754611,0.806427474,auc,training,STBBI
model5,0.791569087,0.766466628,0.805478264,0.757236168,0.807816159,auc,training,STBBI
model6,0.806389052,0.784063598,0.818318208,0.776156323,0.820149663,auc,training,STBBI
model7,0.812975703,0.789117389,0.825124415,0.779665544,0.827029054,auc,training,STBBI
model8,0.810816745,0.788271736,0.823697307,0.779420375,0.825307377,auc,training,STBBI
model9,0.811841335,0.787576478,0.82753952,0.778423229,0.829956455,auc,training,STBBI
ref,0.803717799,0.772349971,0.825494365,0.76284214,0.82959053,auc,training,STBBI
model1,0.87890625,0.8359375,0.9140625,0.82421875,0.92578125,sensitivity,training,HCV
model2,0.87890625,0.83984375,0.91796875,0.83203125,0.92578125,sensitivity,training,HCV
model3,0.8828125,0.83984375,0.921875,0.83203125,0.92578125,sensitivity,training,HCV
model4,0.8828125,0.83984375,0.91796875,0.83203125,0.92578125,sensitivity,training,HCV
model5,0.8828125,0.83984375,0.91796875,0.828125,0.92578125,sensitivity,training,HCV
model6,0.8828125,0.83984375,0.91796875,0.83203125,0.92578125,sensitivity,training,HCV
model7,0.8828125,0.83984375,0.91796875,0.83203125,0.921875,sensitivity,training,HCV
model8,0.8828125,0.84375,0.91796875,0.8359375,0.92578125,sensitivity,training,HCV
model9,0.8828125,0.84375,0.921875,0.83203125,0.92578125,sensitivity,training,HCV
ref,0.8828125,0.83984375,0.91796875,0.83203125,0.92578125,sensitivity,training,HCV
model1,0.295454545,0.181818182,0.431818182,0.159090909,0.454545455,specificity,training,HCV
model2,0.318181818,0.204545455,0.431818182,0.181818182,0.477272727,specificity,training,HCV
model3,0.318181818,0.204545455,0.454545455,0.181818182,0.477272727,specificity,training,HCV
model4,0.318181818,0.204545455,0.454545455,0.181818182,0.477272727,specificity,training,HCV
model5,0.318181818,0.204545455,0.454545455,0.18125,0.477272727,specificity,training,HCV
model6,0.318181818,0.204545455,0.454545455,0.159090909,0.477272727,specificity,training,HCV
model7,0.318181818,0.204545455,0.454545455,0.159090909,0.477840909,specificity,training,HCV
model8,0.318181818,0.204545455,0.454545455,0.181818182,0.477272727,specificity,training,HCV
model9,0.318181818,0.204545455,0.454545455,0.159090909,0.477272727,specificity,training,HCV
ref,0.318181818,0.204545455,0.454545455,0.181818182,0.477272727,specificity,training,HCV
model1,0.794744318,0.794744318,0.794744318,0.794744318,0.794744318,auc,training,HCV
model2,0.803267045,0.775568182,0.828746449,0.760742188,0.828746449,auc,training,HCV
model3,0.840509588,0.788307884,0.854625355,0.777388139,0.854625355,auc,training,HCV
model4,0.838467685,0.789990678,0.853204901,0.777743253,0.856667259,auc,training,HCV
model5,0.834694602,0.783227983,0.853831232,0.768947532,0.855604137,auc,training,HCV
model6,0.831187855,0.787223011,0.853653675,0.77623402,0.856667259,auc,training,HCV
model7,0.832253196,0.791188299,0.85449707,0.78186701,0.857424094,auc,training,HCV
model8,0.832341974,0.791666815,0.854452681,0.782353072,0.857739258,auc,training,HCV
model9,0.834295099,0.791854137,0.85879794,0.779782937,0.862262518,auc,training,HCV
ref,0.827370384,0.789373224,0.851705433,0.780584162,0.855870472,auc,training,HCV
model1,0.954225352,0.926056338,0.975352113,0.918926056,0.982394366,sensitivity,training,HIV/S
model2,0.954225352,0.926056338,0.975352113,0.919014085,0.982394366,sensitivity,training,HIV/S
model3,0.954225352,0.929577465,0.978873239,0.922535211,0.982394366,sensitivity,training,HIV/S
model4,0.954225352,0.929577465,0.978873239,0.922535211,0.982394366,sensitivity,training,HIV/S
model5,0.954225352,0.929577465,0.975352113,0.919014085,0.982394366,sensitivity,training,HIV/S
model6,0.954225352,0.929577465,0.975352113,0.919014085,0.982394366,sensitivity,training,HIV/S
model7,0.954225352,0.926056338,0.978873239,0.919014085,0.982394366,sensitivity,training,HIV/S
model8,0.954225352,0.926056338,0.975352113,0.919014085,0.978873239,sensitivity,training,HIV/S
model9,0.954225352,0.926056338,0.978873239,0.922535211,0.982394366,sensitivity,training,HIV/S
ref,0.954225352,0.929577465,0.978873239,0.919014085,0.982394366,sensitivity,training,HIV/S
model1,0.1875,0.0625,0.375,0,0.4375,specificity,training,HIV/S
model2,0.1875,0.0625,0.375,0,0.4375,specificity,training,HIV/S
model3,0.1875,0.0625,0.375,0.0609375,0.4375,specificity,training,HIV/S
model4,0.1875,0.0625,0.4375,0.0625,0.4375,specificity,training,HIV/S
model5,0.1875,0.0625,0.4375,0,0.4375,specificity,training,HIV/S
model6,0.1875,0.0625,0.4375,0,0.4375,specificity,training,HIV/S
model7,0.1875,0.0625,0.375,0,0.4375,specificity,training,HIV/S
model8,0.1875,0.0625,0.4375,0,0.4375,specificity,training,HIV/S
model9,0.1875,0.0625,0.4375,0,0.5,specificity,training,HIV/S
ref,0.1875,0.0625,0.375,0,0.4375,specificity,training,HIV/S
model1,0.797975352,0.797975352,0.797975352,0.797975352,0.797975352,auc,training,HIV/S
model2,0.824933979,0.753411092,0.844520246,0.75275088,0.844520246,auc,training,HIV/S
model3,0.852992958,0.769647887,0.878411092,0.747221611,0.881492077,auc,training,HIV/S
model4,0.847821303,0.767935739,0.8806239,0.747881822,0.885893486,auc,training,HIV/S
model5,0.852772887,0.772887324,0.895026408,0.752629842,0.900533671,auc,training,HIV/S
model6,0.847271127,0.766383143,0.893816021,0.744591769,0.900643706,auc,training,HIV/S
model7,0.841659331,0.76484265,0.889646787,0.749884463,0.899103213,auc,training,HIV/S
model8,0.84628081,0.769880062,0.904379401,0.753840229,0.915173856,auc,training,HIV/S
model9,0.850572183,0.773963468,0.912852113,0.757691461,0.92165493,auc,training,HIV/S
ref,0.836927817,0.770466549,0.900760343,0.757922535,0.911317121,auc,training,HIV/S
model1,0.845528455,0.792682927,0.886178862,0.784552846,0.894308943,sensitivity,training,HIV/HCV
model2,0.849593496,0.800813008,0.890243902,0.788617886,0.902439024,sensitivity,training,HIV/HCV
model3,0.853658537,0.804878049,0.894308943,0.792682927,0.902439024,sensitivity,training,HIV/HCV
model4,0.853658537,0.804878049,0.894308943,0.796747967,0.906504065,sensitivity,training,HIV/HCV
model5,0.857723577,0.808943089,0.898373984,0.800813008,0.902439024,sensitivity,training,HIV/HCV
model6,0.857723577,0.808943089,0.898373984,0.800813008,0.902439024,sensitivity,training,HIV/HCV
model7,0.857723577,0.812784553,0.898373984,0.800813008,0.906504065,sensitivity,training,HIV/HCV
model8,0.853658537,0.81300813,0.894308943,0.800813008,0.902439024,sensitivity,training,HIV/HCV
model9,0.853658537,0.808943089,0.894308943,0.796747967,0.902439024,sensitivity,training,HIV/HCV
ref,0.853658537,0.804878049,0.894308943,0.796747967,0.902439024,sensitivity,training,HIV/HCV
model1,0.277777778,0.185185185,0.388888889,0.148148148,0.425925926,specificity,training,HIV/HCV
model2,0.314814815,0.203703704,0.425925926,0.184722222,0.444907407,specificity,training,HIV/HCV
model3,0.333333333,0.222222222,0.444444444,0.185185185,0.481481481,specificity,training,HIV/HCV
model4,0.333333333,0.222222222,0.444444444,0.203240741,0.481481481,specificity,training,HIV/HCV
model5,0.351851852,0.240740741,0.462962963,0.203703704,0.481481481,specificity,training,HIV/HCV
model6,0.351851852,0.222222222,0.462962963,0.203703704,0.481481481,specificity,training,HIV/HCV
model7,0.351851852,0.240740741,0.462962963,0.222222222,0.5,specificity,training,HIV/HCV
model8,0.342592593,0.222222222,0.462962963,0.203703704,0.481481481,specificity,training,HIV/HCV
model9,0.333333333,0.222222222,0.462962963,0.203703704,0.481481481,specificity,training,HIV/HCV
ref,0.333333333,0.222222222,0.444444444,0.185185185,0.481481481,specificity,training,HIV/HCV
model1,0.729223126,0.729223126,0.729223126,0.729223126,0.729223126,auc,training,HIV/HCV
model2,0.783611864,0.774202048,0.786547727,0.755307136,0.789182475,auc,training,HIV/HCV
model3,0.799984944,0.772061503,0.808792532,0.75729449,0.810523939,auc,training,HIV/HCV
model4,0.800662451,0.774013851,0.809620596,0.763920882,0.811276724,auc,training,HIV/HCV
model5,0.813986751,0.793055179,0.82324601,0.785523939,0.825353809,auc,training,HIV/HCV
model6,0.821589883,0.799980804,0.831681346,0.793209877,0.833636329,auc,training,HIV/HCV
model7,0.823133092,0.80016486,0.834801265,0.792859831,0.836683228,auc,training,HIV/HCV
model8,0.820874737,0.798287037,0.834353734,0.787810524,0.836532671,auc,training,HIV/HCV
model9,0.817863595,0.794146718,0.832618187,0.783000226,0.834878425,auc,training,HIV/HCV
ref,0.810523939,0.776439702,0.833902063,0.767349819,0.83721206,auc,training,HIV/HCV
model1,0.845528455,0.792682927,0.886178862,0.784552846,0.894308943,sensitivity,training,HIV/HCV
model2,0.849593496,0.800813008,0.890243902,0.788617886,0.902439024,sensitivity,training,HIV/HCV
model3,0.853658537,0.804878049,0.894308943,0.792682927,0.902439024,sensitivity,training,HIV/HCV
model4,0.853658537,0.804878049,0.894308943,0.796747967,0.906504065,sensitivity,training,HIV/HCV
model5,0.857723577,0.808943089,0.898373984,0.800813008,0.902439024,sensitivity,training,HIV/HCV
model6,0.857723577,0.808943089,0.898373984,0.800813008,0.902439024,sensitivity,training,HIV/HCV
model7,0.857723577,0.812784553,0.898373984,0.800813008,0.906504065,sensitivity,training,HIV/HCV
model8,0.853658537,0.81300813,0.894308943,0.800813008,0.902439024,sensitivity,training,HIV/HCV
model9,0.853658537,0.808943089,0.894308943,0.796747967,0.902439024,sensitivity,training,HIV/HCV
ref,0.853658537,0.804878049,0.894308943,0.796747967,0.902439024,sensitivity,training,HIV/HCV
model1,0.277777778,0.185185185,0.388888889,0.148148148,0.425925926,specificity,training,HIV/HCV
model2,0.314814815,0.203703704,0.425925926,0.184722222,0.444907407,specificity,training,HIV/HCV
model3,0.333333333,0.222222222,0.444444444,0.185185185,0.481481481,specificity,training,HIV/HCV
model4,0.333333333,0.222222222,0.444444444,0.203240741,0.481481481,specificity,training,HIV/HCV
model5,0.351851852,0.240740741,0.462962963,0.203703704,0.481481481,specificity,training,HIV/HCV
model6,0.351851852,0.222222222,0.462962963,0.203703704,0.481481481,specificity,training,HIV/HCV
model7,0.351851852,0.240740741,0.462962963,0.222222222,0.5,specificity,training,HIV/HCV
model8,0.342592593,0.222222222,0.462962963,0.203703704,0.481481481,specificity,training,HIV/HCV
model9,0.333333333,0.222222222,0.462962963,0.203703704,0.481481481,specificity,training,HIV/HCV
ref,0.333333333,0.222222222,0.444444444,0.185185185,0.481481481,specificity,training,HIV/HCV
model1,0.729223126,0.729223126,0.729223126,0.729223126,0.729223126,auc,training,HIV/HCV
model2,0.783611864,0.774202048,0.786547727,0.755307136,0.789182475,auc,training,HIV/HCV
model3,0.799984944,0.772061503,0.808792532,0.75729449,0.810523939,auc,training,HIV/HCV
model4,0.800662451,0.774013851,0.809620596,0.763920882,0.811276724,auc,training,HIV/HCV
model5,0.813986751,0.793055179,0.82324601,0.785523939,0.825353809,auc,training,HIV/HCV
model6,0.821589883,0.799980804,0.831681346,0.793209877,0.833636329,auc,training,HIV/HCV
model7,0.823133092,0.80016486,0.834801265,0.792859831,0.836683228,auc,training,HIV/HCV
model8,0.820874737,0.798287037,0.834353734,0.787810524,0.836532671,auc,training,HIV/HCV
model9,0.817863595,0.794146718,0.832618187,0.783000226,0.834878425,auc,training,HIV/HCV
ref,0.810523939,0.776439702,0.833902063,0.767349819,0.83721206,auc,training,HIV/HCV
model1,0.879807692,0.831730769,0.918269231,0.822115385,0.927884615,sensitivity,training,cc
model2,0.879807692,0.826923077,0.918269231,0.817307692,0.927884615,sensitivity,training,cc
model3,0.884615385,0.836538462,0.923076923,0.822115385,0.932692308,sensitivity,training,cc
model4,0.884615385,0.831730769,0.923076923,0.817307692,0.932692308,sensitivity,training,cc
model5,0.884615385,0.836538462,0.923076923,0.826923077,0.932692308,sensitivity,training,cc
model6,0.884615385,0.841346154,0.923076923,0.831730769,0.932692308,sensitivity,training,cc
model7,0.884615385,0.836538462,0.923076923,0.826923077,0.932692308,sensitivity,training,cc
model8,0.884615385,0.841346154,0.927884615,0.826923077,0.932692308,sensitivity,training,cc
model9,0.889423077,0.841346154,0.923076923,0.826923077,0.932692308,sensitivity,training,cc
ref,0.884615385,0.841346154,0.927884615,0.826923077,0.9328125,sensitivity,training,cc
model1,0.264705882,0.145441176,0.382352941,0.117647059,0.411764706,specificity,training,cc
model2,0.264705882,0.117647059,0.411764706,0.117647059,0.441176471,specificity,training,cc
model3,0.294117647,0.147058824,0.411764706,0.117647059,0.441176471,specificity,training,cc
model4,0.294117647,0.147058824,0.411764706,0.117647059,0.441176471,specificity,training,cc
model5,0.294117647,0.147058824,0.441176471,0.117647059,0.470588235,specificity,training,cc
model6,0.294117647,0.176470588,0.441176471,0.147058824,0.470588235,specificity,training,cc
model7,0.294117647,0.147058824,0.441176471,0.117647059,0.470588235,specificity,training,cc
model8,0.294117647,0.176470588,0.441176471,0.147058824,0.470588235,specificity,training,cc
model9,0.323529412,0.176470588,0.441176471,0.147058824,0.470588235,specificity,training,cc
ref,0.323529412,0.176470588,0.470588235,0.147058824,0.5,specificity,training,cc
model1,0.754949095,0.754949095,0.754949095,0.754949095,0.754949095,auc,training,cc
model2,0.780401584,0.729496606,0.780401584,0.729496606,0.780401584,auc,training,cc
model3,0.815681561,0.73593043,0.828832014,0.725608032,0.829539027,auc,training,cc
model4,0.808682127,0.737399604,0.829609729,0.72680642,0.830316742,auc,training,cc
model5,0.826781674,0.769937783,0.842335973,0.749140979,0.843608597,auc,training,cc
model6,0.836538462,0.78959276,0.85675905,0.770072115,0.85888009,auc,training,cc
model7,0.834205317,0.795178167,0.857253959,0.782165583,0.860223416,auc,training,cc
model8,0.842760181,0.804715074,0.862705741,0.785485011,0.866377969,auc,training,cc
model9,0.845729638,0.80923996,0.863404977,0.796090215,0.866798643,auc,training,cc
ref,0.840073529,0.792130232,0.867788462,0.778701216,0.871751273,auc,training,cc
model1,0.879518072,0.807228916,0.927710843,0.78313253,0.939759036,sensitivity,testing,STBBI
model2,0.879518072,0.807228916,0.927710843,0.795180723,0.939759036,sensitivity,testing,STBBI
model3,0.879518072,0.807228916,0.927710843,0.795180723,0.939759036,sensitivity,testing,STBBI
model4,0.879518072,0.819277108,0.927710843,0.795180723,0.939759036,sensitivity,testing,STBBI
model5,0.879518072,0.819277108,0.927710843,0.795180723,0.939759036,sensitivity,testing,STBBI
model6,0.879518072,0.807228916,0.927710843,0.795180723,0.939759036,sensitivity,testing,STBBI
model7,0.879518072,0.818614458,0.927710843,0.795180723,0.939759036,sensitivity,testing,STBBI
model8,0.879518072,0.819277108,0.927710843,0.795180723,0.939759036,sensitivity,testing,STBBI
model9,0.879518072,0.807228916,0.927710843,0.795180723,0.939759036,sensitivity,testing,STBBI
ref,0.879518072,0.807228916,0.939759036,0.795180723,0.939759036,sensitivity,testing,STBBI
model1,0.294117647,0.117647059,0.529411765,0.117647059,0.588235294,specificity,testing,STBBI
model2,0.352941176,0.176470588,0.529411765,0.117647059,0.588235294,specificity,testing,STBBI
model3,0.352941176,0.176470588,0.588235294,0.176470588,0.647058824,specificity,testing,STBBI
model4,0.411764706,0.176470588,0.588235294,0.176470588,0.647058824,specificity,testing,STBBI
model5,0.411764706,0.235294118,0.588235294,0.176470588,0.647058824,specificity,testing,STBBI
model6,0.411764706,0.235294118,0.588235294,0.176470588,0.647058824,specificity,testing,STBBI
model7,0.411764706,0.235294118,0.588235294,0.176470588,0.647058824,specificity,testing,STBBI
model8,0.411764706,0.235294118,0.588235294,0.176470588,0.647058824,specificity,testing,STBBI
model9,0.411764706,0.235294118,0.588235294,0.176470588,0.647058824,specificity,testing,STBBI
ref,0.352941176,0.176470588,0.588235294,0.176470588,0.589705882,specificity,testing,STBBI
model1,0.868887314,0.868887314,0.868887314,0.868887314,0.868887314,auc,testing,STBBI
model2,0.876328845,0.851523742,0.883416017,0.846562721,0.883416017,auc,testing,STBBI
model3,0.884833451,0.856445783,0.903260099,0.845854004,0.906112686,auc,testing,STBBI
model4,0.883416017,0.855028349,0.906803685,0.845854004,0.91318214,auc,testing,STBBI
model5,0.889085755,0.858610914,0.911055989,0.851523742,0.918143161,auc,testing,STBBI
model6,0.886605245,0.849004252,0.91070163,0.839121191,0.915662651,auc,testing,STBBI
model7,0.889794472,0.851523742,0.915308292,0.8422927,0.919560595,auc,testing,STBBI
model8,0.890857548,0.85467399,0.91570163,0.84195606,0.920623671,auc,testing,STBBI
model9,0.889440113,0.848334515,0.915662651,0.836286322,0.919914954,auc,testing,STBBI
ref,0.888731396,0.843373494,0.919206237,0.826346563,0.924184975,auc,testing,STBBI
model1,0.928571429,0.869047619,0.964285714,0.857142857,0.976190476,sensitivity,testing,HCV
model2,0.928571429,0.869047619,0.964285714,0.857142857,0.976190476,sensitivity,testing,HCV
model3,0.928571429,0.869047619,0.964285714,0.857142857,0.976190476,sensitivity,testing,HCV
model4,0.916666667,0.869047619,0.964285714,0.857142857,0.976190476,sensitivity,testing,HCV
model5,0.916666667,0.869047619,0.964285714,0.857142857,0.976190476,sensitivity,testing,HCV
model6,0.916666667,0.869047619,0.964285714,0.857142857,0.976190476,sensitivity,testing,HCV
model7,0.922619048,0.869047619,0.964285714,0.857142857,0.976190476,sensitivity,testing,HCV
model8,0.916666667,0.869047619,0.964285714,0.857142857,0.976190476,sensitivity,testing,HCV
model9,0.928571429,0.869047619,0.964285714,0.857142857,0.976190476,sensitivity,testing,HCV
ref,0.928571429,0.869047619,0.964285714,0.857142857,0.976190476,sensitivity,testing,HCV
model1,0.3125,0.125,0.5,0.125,0.5625,specificity,testing,HCV
model2,0.375,0.1875,0.5625,0.125,0.625,specificity,testing,HCV
model3,0.375,0.1875,0.5625,0.125,0.625,specificity,testing,HCV
model4,0.34375,0.125,0.5625,0.125,0.625,specificity,testing,HCV
model5,0.3125,0.125,0.5625,0.125,0.625,specificity,testing,HCV
model6,0.3125,0.125,0.5625,0.125,0.625,specificity,testing,HCV
model7,0.3125,0.1875,0.5625,0.125,0.625,specificity,testing,HCV
model8,0.3125,0.125,0.5625,0.125,0.625,specificity,testing,HCV
model9,0.3125,0.125,0.5625,0.125,0.5625,specificity,testing,HCV
ref,0.3125,0.125,0.5625,0.125,0.5625,specificity,testing,HCV
model1,0.897321429,0.897321429,0.897321429,0.897321429,0.897321429,auc,testing,HCV
model2,0.908482143,0.87797619,0.916666667,0.875,0.919642857,auc,testing,HCV
model3,0.912574405,0.884300595,0.928199405,0.87983631,0.928199405,auc,testing,HCV
model4,0.9140625,0.887276786,0.931175595,0.880580357,0.931919643,auc,testing,HCV
model5,0.912574405,0.887235863,0.930431548,0.881305804,0.933407738,auc,testing,HCV
model6,0.90922619,0.879464286,0.933035714,0.871279762,0.936755952,auc,testing,HCV
model7,0.907738095,0.876488095,0.933779762,0.869029018,0.9375,auc,testing,HCV
model8,0.906622024,0.874627976,0.93266369,0.869401042,0.936383929,auc,testing,HCV
model9,0.907366071,0.876116071,0.934895833,0.868675595,0.939360119,auc,testing,HCV
ref,0.907738095,0.87797619,0.935267857,0.871261161,0.938988095,auc,testing,HCV
model1,0.948979592,0.908163265,0.979591837,0.897959184,0.989795918,sensitivity,testing,HIV/S
model2,0.948979592,0.908163265,0.989795918,0.897959184,0.989795918,sensitivity,testing,HIV/S
model3,0.959183673,0.908163265,0.989795918,0.897959184,0.989795918,sensitivity,testing,HIV/S
model4,0.959183673,0.918367347,0.989795918,0.908163265,0.989795918,sensitivity,testing,HIV/S
model5,0.959183673,0.917806122,0.989795918,0.897959184,0.989795918,sensitivity,testing,HIV/S
model6,0.959183673,0.918367347,0.989795918,0.897959184,0.989795918,sensitivity,testing,HIV/S
model7,0.959183673,0.908163265,0.989795918,0.897959184,0.989795918,sensitivity,testing,HIV/S
model8,0.948979592,0.908163265,0.989795918,0.897959184,0.989795918,sensitivity,testing,HIV/S
model9,0.959183673,0.918367347,0.989795918,0.908163265,0.989795918,sensitivity,testing,HIV/S
ref,0.959183673,0.918367347,0.989795918,0.897959184,0.989795918,sensitivity,testing,HIV/S
model1,0,0,0.5,0,0.5,specificity,testing,HIV/S
model2,0,0,0.5,0,0.5,specificity,testing,HIV/S
model3,0,0,0.5,0,0.5,specificity,testing,HIV/S
model4,0,0,0.5,0,0.5,specificity,testing,HIV/S
model5,0,0,0.5,0,0.5,specificity,testing,HIV/S
model6,0,0,0.5,0,0.5,specificity,testing,HIV/S
model7,0,0,0.5,0,0.5,specificity,testing,HIV/S
model8,0,0,0.5,0,0.5,specificity,testing,HIV/S
model9,0,0,0.5,0,0.5,specificity,testing,HIV/S
ref,0,0,0.5,0,0.5,specificity,testing,HIV/S
model1,0.693877551,0.693877551,0.693877551,0.693877551,0.693877551,auc,testing,HIV/S
model2,0.869897959,0.512755102,0.875,0.512755102,0.895408163,auc,testing,HIV/S
model3,0.846938776,0.540816327,0.897959184,0.494897959,0.903061224,auc,testing,HIV/S
model4,0.864795918,0.543367347,0.915816327,0.49744898,0.926020408,auc,testing,HIV/S
model5,0.864795918,0.56377551,0.920918367,0.517857143,0.931122449,auc,testing,HIV/S
model6,0.859693878,0.568877551,0.920918367,0.528061224,0.926020408,auc,testing,HIV/S
model7,0.849489796,0.553571429,0.915816327,0.512627551,0.926020408,auc,testing,HIV/S
model8,0.867346939,0.596938776,0.943877551,0.525510204,0.954081633,auc,testing,HIV/S
model9,0.885204082,0.594107143,0.946428571,0.533163265,0.956632653,auc,testing,HIV/S
ref,0.831632653,0.525510204,0.93877551,0.494897959,0.954081633,auc,testing,HIV/S
model1,0.891566265,0.819277108,0.939759036,0.807228916,0.951807229,sensitivity,testing,HIV/HCV
model2,0.891566265,0.819277108,0.939759036,0.795180723,0.951807229,sensitivity,testing,HIV/HCV
model3,0.891566265,0.819277108,0.939759036,0.807228916,0.951807229,sensitivity,testing,HIV/HCV
model4,0.891566265,0.819277108,0.939759036,0.807228916,0.951807229,sensitivity,testing,HIV/HCV
model5,0.879518072,0.819277108,0.939759036,0.807228916,0.951807229,sensitivity,testing,HIV/HCV
model6,0.879518072,0.819277108,0.939759036,0.807228916,0.951807229,sensitivity,testing,HIV/HCV
model7,0.879518072,0.819277108,0.939759036,0.807228916,0.939759036,sensitivity,testing,HIV/HCV
model8,0.879518072,0.819277108,0.939759036,0.807228916,0.939759036,sensitivity,testing,HIV/HCV
model9,0.879518072,0.819277108,0.939759036,0.807228916,0.951807229,sensitivity,testing,HIV/HCV
ref,0.891566265,0.819277108,0.939759036,0.807228916,0.951807229,sensitivity,testing,HIV/HCV
model1,0.294117647,0.117647059,0.529411765,0.117647059,0.588235294,specificity,testing,HIV/HCV
model2,0.352941176,0.176470588,0.529411765,0.117647059,0.588235294,specificity,testing,HIV/HCV
model3,0.411764706,0.176470588,0.588235294,0.176470588,0.647058824,specificity,testing,HIV/HCV
model4,0.411764706,0.176470588,0.588235294,0.176470588,0.647058824,specificity,testing,HIV/HCV
model5,0.411764706,0.235294118,0.588235294,0.176470588,0.647058824,specificity,testing,HIV/HCV
model6,0.411764706,0.235294118,0.588235294,0.176470588,0.647058824,specificity,testing,HIV/HCV
model7,0.411764706,0.235294118,0.588235294,0.176470588,0.647058824,specificity,testing,HIV/HCV
model8,0.411764706,0.235294118,0.588235294,0.176470588,0.647058824,specificity,testing,HIV/HCV
model9,0.411764706,0.235294118,0.588235294,0.176470588,0.647058824,specificity,testing,HIV/HCV
ref,0.411764706,0.176470588,0.588235294,0.117647059,0.647058824,specificity,testing,HIV/HCV
model1,0.868887314,0.868887314,0.868887314,0.868887314,0.868887314,auc,testing,HIV/HCV
model2,0.876328845,0.852232459,0.883416017,0.846562721,0.883416017,auc,testing,HIV/HCV
model3,0.88766832,0.856484763,0.905386251,0.847253721,0.907512403,auc,testing,HIV/HCV
model4,0.891920624,0.8621545,0.908929837,0.852941176,0.911764706,auc,testing,HIV/HCV
model5,0.891920624,0.854319631,0.912473423,0.838749114,0.916017009,auc,testing,HIV/HCV
model6,0.890148831,0.853295535,0.912119064,0.837686038,0.917097803,auc,testing,HIV/HCV
model7,0.892629341,0.854358611,0.916764706,0.841601701,0.920269313,auc,testing,HIV/HCV
model8,0.891920624,0.850106308,0.916017009,0.838040397,0.919560595,auc,testing,HIV/HCV
model9,0.892274982,0.851169383,0.917080085,0.831289865,0.921332388,auc,testing,HIV/HCV
ref,0.8929837,0.849043232,0.919953933,0.830598866,0.925584692,auc,testing,HIV/HCV
model1,0.959183673,0.918367347,0.989795918,0.908163265,0.989795918,sensitivity,testing,HIV
model2,0.959183673,0.918367347,0.989795918,0.908163265,0.989795918,sensitivity,testing,HIV
model3,0.959183673,0.918367347,0.989795918,0.908163265,0.989795918,sensitivity,testing,HIV
model4,0.959183673,0.918367347,0.989795918,0.908163265,0.989795918,sensitivity,testing,HIV
model5,0.959183673,0.918367347,0.989795918,0.908163265,0.989795918,sensitivity,testing,HIV
model6,0.959183673,0.918367347,0.989795918,0.908163265,0.989795918,sensitivity,testing,HIV
model7,0.959183673,0.918367347,0.989795918,0.908163265,0.989795918,sensitivity,testing,HIV
model8,0.959183673,0.918367347,0.989795918,0.908163265,0.989795918,sensitivity,testing,HIV
model9,0.959183673,0.918367347,0.989795918,0.908163265,0.989795918,sensitivity,testing,HIV
ref,0.959183673,0.918367347,0.989795918,0.908163265,0.989795918,sensitivity,testing,HIV
model1,0,0,0.5,0,0.5,specificity,testing,HIV
model2,0,0,0.5,0,0.5,specificity,testing,HIV
model3,0,0,0.5,0,0.5,specificity,testing,HIV
model4,0,0,0.5,0,0.5,specificity,testing,HIV
model5,0,0,0.5,0,0.5,specificity,testing,HIV
model6,0,0,0.5,0,0.5,specificity,testing,HIV
model7,0,0,0.5,0,0.5,specificity,testing,HIV
model8,0,0,0.5,0,0.5,specificity,testing,HIV
model9,0,0,0.5,0,0.5,specificity,testing,HIV
ref,0,0,0.5,0,0.5,specificity,testing,HIV
model1,0.693877551,0.693877551,0.693877551,0.693877551,0.693877551,auc,testing,HIV
model2,0.869897959,0.512755102,0.875,0.512755102,0.895408163,auc,testing,HIV
model3,0.869897959,0.553571429,0.910714286,0.49744898,0.915816327,auc,testing,HIV
model4,0.87244898,0.545918367,0.928571429,0.515306122,0.933673469,auc,testing,HIV
model5,0.844387755,0.543367347,0.926020408,0.50255102,0.93622449,auc,testing,HIV
model6,0.87244898,0.571428571,0.948979592,0.505102041,0.959183673,auc,testing,HIV
model7,0.87244898,0.56122449,0.954081633,0.515178571,0.964285714,auc,testing,HIV
model8,0.882653061,0.591556122,0.954081633,0.515306122,0.964285714,auc,testing,HIV
model9,0.887755102,0.602040816,0.954081633,0.530612245,0.964285714,auc,testing,HIV
ref,0.846938776,0.545918367,0.948979592,0.494897959,0.964285714,auc,testing,HIV
model1,0.888888889,0.80952381,0.952380952,0.793650794,0.952380952,sensitivity,testing,cc
model2,0.888888889,0.80952381,0.952380952,0.793650794,0.952380952,sensitivity,testing,cc
model3,0.888888889,0.825396825,0.952380952,0.793650794,0.952380952,sensitivity,testing,cc
model4,0.888888889,0.80952381,0.952380952,0.793650794,0.952380952,sensitivity,testing,cc
model5,0.888888889,0.80952381,0.952380952,0.793650794,0.952380952,sensitivity,testing,cc
model6,0.888888889,0.80952381,0.952380952,0.793650794,0.952380952,sensitivity,testing,cc
model7,0.888888889,0.80952381,0.952380952,0.793650794,0.968253968,sensitivity,testing,cc
model8,0.873015873,0.80952381,0.936507937,0.793650794,0.952380952,sensitivity,testing,cc
model9,0.888888889,0.80952381,0.952380952,0.777777778,0.952380952,sensitivity,testing,cc
ref,0.873015873,0.793650794,0.936507937,0.777777778,0.952380952,sensitivity,testing,cc
model1,0.222222222,0.111111111,0.444444444,0.055555556,0.444444444,specificity,testing,cc
model2,0.222222222,0.055555556,0.388888889,0.055555556,0.444444444,specificity,testing,cc
model3,0.277777778,0.111111111,0.444444444,0.055555556,0.5,specificity,testing,cc
model4,0.277777778,0.111111111,0.444444444,0.055555556,0.5,specificity,testing,cc
model5,0.277777778,0.111111111,0.444444444,0.055555556,0.5,specificity,testing,cc
model6,0.277777778,0.111111111,0.444444444,0.055555556,0.5,specificity,testing,cc
model7,0.277777778,0.111111111,0.444444444,0.111111111,0.5,specificity,testing,cc
model8,0.277777778,0.111111111,0.444444444,0.111111111,0.5,specificity,testing,cc
model9,0.277777778,0.111111111,0.5,0.111111111,0.5,specificity,testing,cc
ref,0.277777778,0.111111111,0.5,0.111111111,0.5,specificity,testing,cc
model1,0.75,0.75,0.75,0.75,0.75,auc,testing,cc
model2,0.725308642,0.704144621,0.774691358,0.704144621,0.774691358,auc,testing,cc
model3,0.778218695,0.67680776,0.824955908,0.667107584,0.83377425,auc,testing,cc
model4,0.779100529,0.681216931,0.831128748,0.668871252,0.835537919,auc,testing,cc
model5,0.778659612,0.708946208,0.814814815,0.685185185,0.822773369,auc,testing,cc
model6,0.777777778,0.718694885,0.820987654,0.697530864,0.832451499,auc,testing,cc
model7,0.78968254,0.719135802,0.836419753,0.703218695,0.845260141,auc,testing,cc
model8,0.806878307,0.734567901,0.851851852,0.708090829,0.85978836,auc,testing,cc
model9,0.810405644,0.74069224,0.856309524,0.71957672,0.865079365,auc,testing,cc
ref,0.787477954,0.69664903,0.850088183,0.676366843,0.859810406,auc,testing,cc
